﻿pos_x,pos_y,rotation,side,designator,mpn,pack,footprint,value,mount_type
162.698,-73.92,-90.0,top,C1,,,C_0603_1608Metric,4.7uF,smt
148.474,-83.712,90.0,top,C10,,,C_0603_1608Metric,0.1uF,smt
161.301,-80.296,-90.0,top,C11,,,C_0603_1608Metric,0.1uF,smt
149.731,-75.457,180.0,top,C12,,,C_0603_1608Metric,0.1uF,smt
150.633,-72.142,90.0,top,C13,,,C_0603_1608Metric,0.1uF,smt
129.919,-112.033,180.0,top,C14,,,C_0603_1608Metric,0.22uF,smt
126.897,-112.033,0.0,top,C15,,,C_0603_1608Metric,0.22uF,smt
177.206,-112.033,0.0,top,C16,,,C_0603_1608Metric,0.22uF,smt
180.228,-112.033,180.0,top,C17,,,C_0603_1608Metric,0.22uF,smt
169.175,-74.174,-90.0,top,C2,,,C_0603_1608Metric,0.12uF,smt
170.826,-74.174,-90.0,top,C3,,,C_0603_1608Metric,12uF,smt
142.645,-72.917,180.0,top,C4,,,C_0603_1608Metric,10nF,smt
143.775,-75.19,90.0,top,C5,,,C_0603_1608Metric,0.1uF,smt
141.743,-75.19,90.0,top,C6,,,C_0603_1608Metric,2.2uF,smt
159.256,-85.236,0.0,top,C7,,,C_0603_1608Metric,0.1uF,smt
176.782,-134.004,0.0,top,C8,,,C_0603_1608Metric,0.47uF,smt
131.596,-134.541,0.0,top,C9,,,C_0603_1608Metric,0.47uF,smt
161.361,-82.696,180.0,top,D1,,,LED_0201_0603Metric,LED,smt
159.978,-96.541,-90.0,top,J1,,,PinHeader_1x05_P2.54mm_Horizontal,Debug Connector,tht
106.438,-64.061,0.0,top,J2,,,PinSocket_1x14_P2.54mm_Vertical,Display / Mounting Socket,tht
200.438,-79.001,0.0,top,J3,,,PinSocket_1x04_P2.54mm_Vertical,Display Mounting Socket,tht
163.938,-70.4885,180.0,top,L1,,,IND_LPS3015-222MRC,2.2uH,smt
173.339,-58.589,180.0,top,P1,,None,JST_PH_B2B-PH-K_1x02_P2.00mm_Vertical,282837-2,tht
162.438,-77.9885,0.0,top,R1,,,R_0603_1608Metric,2M,smt
132.219,-113.231,90.0,top,R10,,,R_0603_1608Metric,10k,smt
133.044,-115.556,0.0,top,R11,,,R_0603_1608Metric,10k,smt
183.264,-115.533,0.0,top,R12,,,R_0603_1608Metric,10k,smt
182.51,-113.208,90.0,top,R13,,,R_0603_1608Metric,10k,smt
116.113,-84.041,0.0,top,R14,,,R_0603_1608Metric,0,smt
116.113,-82.041,0.0,top,R15,,,R_0603_1608Metric,0,smt
165.613,-77.9885,0.0,top,R2,,,R_0603_1608Metric,250k,smt
164.031,-82.696,180.0,top,R3,,,R_0603_1608Metric,220,smt
175.113,-135.541,180.0,top,R4,,,R_0603_1608Metric,10k,smt
131.613,-136.041,0.0,top,R5,,,R_0603_1608Metric,10k,smt
174.123,-115.533,0.0,top,R6,,,R_0603_1608Metric,10k,smt
174.948,-113.208,90.0,top,R7,,,R_0603_1608Metric,10k,smt
124.639,-113.208,90.0,top,R8,,,R_0603_1608Metric,10k,smt
123.814,-115.533,0.0,top,R9,,,R_0603_1608Metric,10k,smt
158.604,-56.541,180.0,top,S1,,,SW_EG1224,EG1224,tht
154.438,-80.4885,180.0,top,U1,,,LQFP-48_7x7mm_P0.5mm,STM32L433CCTx,smt
156.2931,-71.1235,180.0,top,U2,,,SOIC-8_5P28X5P28_WIN,W25Q64JV,smt
146.188,-73.9885,-90.0,top,U3,,,PQFN50P300X250X97-14N,ICM-42688-P,smt
165.438,-74.4885,-90.0,top,U4,,,VREG_V62_16624-01YE,~,smt
178.738,-125.041,180.0,top,U6,,,XDCR_PEC11R-4215F-S0024,Adafruit 377 Rotary Encoder,tht
128.438,-125.191,180.0,top,U7,,,XDCR_PEC11R-4215F-S0024,Adafruit 377 Rotary Encoder,tht
