﻿Designator,Quantity,Value,Footprint,Package,MPN,DNP,Mount_Type,Description,Sim.Pins,MF,DESCRIPTION,PRICE,PARTREV,MP,AVAILABILITY,MANUFACTURER,MAXIMUM_PACKAGE_HEIGHT,STANDARD
C1,1,4.7uF,C_0603_1608Metric,,,,smt,"Unpolarized capacitor, small symbol",,,,,,,,,,
"C10, C11, C12, C13, C5, C7",6,0.1uF,C_0603_1608Metric,,,,smt,"Unpolarized capacitor, small symbol",,,,,,,,,,
"C14, C15, C16, C17",4,0.22uF,C_0603_1608Metric,,,,smt,"Unpolarized capacitor, small symbol",,,,,,,,,,
C2,1,0.12uF,C_0603_1608Metric,,,,smt,"Unpolarized capacitor, small symbol",,,,,,,,,,
C3,1,12uF,C_0603_1608Metric,,,,smt,"Unpolarized capacitor, small symbol",,,,,,,,,,
C4,1,10nF,C_0603_1608Metric,,,,smt,"Unpolarized capacitor, small symbol",,,,,,,,,,
C6,1,2.2uF,C_0603_1608Metric,,,,smt,"Unpolarized capacitor, small symbol",,,,,,,,,,
"C8, C9",2,0.47uF,C_0603_1608Metric,,,,smt,"Unpolarized capacitor, small symbol",,,,,,,,,,
D1,1,LED,LED_0201_0603Metric,,,,smt,Light emitting diode,1=K 2=A,,,,,,,,,
J1,1,Debug Connector,PinHeader_1x05_P2.54mm_Horizontal,,,,tht,"Generic connector, single row, 01x05, script generated",,,,,,,,,,
J2,1,Display / Mounting Socket,PinSocket_1x14_P2.54mm_Vertical,,,,tht,"Generic connector, single row, 01x14, script generated",,,,,,,,,,
J3,1,Display Mounting Socket,PinSocket_1x04_P2.54mm_Vertical,,,,tht,"Generic connector, single row, 01x04, script generated",,,,,,,,,,
L1,1,2.2uH,IND_LPS3015-222MRC,,,,smt,Inductor,,,,,,,,,,
P1,1,282837-2,JST_PH_B2B-PH-K_1x02_P2.00mm_Vertical,None,,,tht,,,On Shore,TERMINAL BLOCK 3.5MM 2POS PCB,0.28 USD,G3,OSTTE020104,Good,,,
R1,1,2M,R_0603_1608Metric,,,,smt,Resistor,,,,,,,,,,
"R10, R11, R12, R13, R4, R5, R6, R7, R8, R9",10,10k,R_0603_1608Metric,,,,smt,Resistor,,,,,,,,,,
"R14, R15",2,0,R_0603_1608Metric,,,,smt,Resistor,,,,,,,,,,
R2,1,250k,R_0603_1608Metric,,,,smt,Resistor,,,,,,,,,,
R3,1,220,R_0603_1608Metric,,,,smt,Resistor,,,,,,,,,,
S1,1,EG1224,SW_EG1224,,,,tht,,,,,,A,,,E-Switch,8.5 mm,IPC-7351B
U1,1,STM32L433CCTx,LQFP-48_7x7mm_P0.5mm,,,,smt,"STMicroelectronics Arm Cortex-M4 MCU, 256KB flash, 64KB RAM, 80 MHz, 1.71-3.6V, 38 GPIO, LQFP48",,,,,,,,,,
U2,1,W25Q64JV,SOIC-8_5P28X5P28_WIN,,,,smt,,,,,,,,,,,
U3,1,ICM-42688-P,PQFN50P300X250X97-14N,,,,smt,,,,,,,,,,,
U4,1,~,VREG_V62_16624-01YE,,,,smt,,,,,,,,,,,
"U6, U7",2,Adafruit 377 Rotary Encoder,XDCR_PEC11R-4215F-S0024,,,,tht,,,,,,,,,,,
