﻿pos_x,pos_y,rotation,side,designator,mpn,pack,footprint,value,mount_type
223.0,-57.5,0.0,top,C1,,,C_0201_0603Metric,4.7uF,smt
108.1625,-126.75,-90.0,top,C10,,,C_0201_0603Metric,0.1uF,smt
100.1625,-123.75,0.0,top,C11,,,C_0201_0603Metric,0.1uF,smt
96.1625,-130.25,90.0,top,C12,,,C_0201_0603Metric,0.1uF,smt
93.6625,-139.75,0.0,top,C13,,,C_0201_0603Metric,0.1uF,smt
214.855,-85.3,0.0,top,C2,,,C_0201_0603Metric,0.12uF,smt
214.855,-87.05,0.0,top,C3,,,C_0201_0603Metric,12uF,smt
214.855,-88.8,0.0,top,C4,,,C_0201_0603Metric,10nF,smt
218.18,-95.5,0.0,top,C5,,,C_0201_0603Metric,0.1uF,smt
217.305,-83.55,0.0,top,C6,,,C_0201_0603Metric,2.2uF,smt
105.1625,-135.25,180.0,top,C7,,,C_0201_0603Metric,0.1uF,smt
217.305,-87.05,0.0,top,C8,,,C_0201_0603Metric,0.47uF,smt
218.0,-92.0,0.0,top,C9,,,C_0201_0603Metric,0.47uF,smt
166.655,-101.5,0.0,top,D1,,,LED_0201_0603Metric,LED,smt
112.38,-113.0,90.0,top,J1,,,PinHeader_1x05_P2.54mm_Horizontal,Debug Connector,tht
66.5,-117.02,0.0,top,J2,,,PinHeader_1x14_P2.54mm_Vertical,Display / Mounting Socket,tht
160.5,-131.96,0.0,top,J3,,,PinHeader_1x04_P2.54mm_Vertical,Display Mounting Socket,tht
137.5,-126.0,0.0,top,L1,,,IND_SPM10040T-2R2M,2.2uH,smt
199.175,-71.0,0.0,top,R1,,,R_0603_1608Metric,2M,smt
195.685,-74.89,0.0,top,R2,,,R_0603_1608Metric,250k,smt
195.685,-77.4,0.0,top,R3,,,R_0603_1608Metric,220,smt
195.685,-79.91,0.0,top,R4,,,R_0603_1608Metric,10k,smt
195.685,-82.42,0.0,top,R5,,,R_0603_1608Metric,10k,smt
102.5,-129.5,0.0,top,U1,,,LQFP-48_7x7mm_P0.5mm,STM32L433CCTx,smt
102.6625,-141.25,0.0,top,U2,,,SOIC-8_5P28X5P28_WIN,W25Q64JV,smt
123.665,-137.0,0.0,top,U3,,,PQFN50P300X250X97-14N,ICM-42688-P,smt
121.5,-132.0,0.0,top,U4,,,DRC10_2P4X1P65,TPS61201DRC,smt
191.99,-69.45,0.0,top,U5,,,AA_Battery_Holder,Battery Holder,smt
73.25,-186.125,0.0,top,U6,,,Untitled,Adafruit 377 Rotary Encoder,smt
160.75,-187.625,0.0,top,U7,,,Untitled,Adafruit 377 Rotary Encoder,smt
