﻿Designator,Quantity,Value,Footprint,Package,MPN,DNP,Mount_Type,Description,Sim.Pins
C1,1,4.7uF,C_0201_0603Metric,,,,smt,"Unpolarized capacitor, small symbol",
"C10, C11, C12, C13, C5, C7",6,0.1uF,C_0201_0603Metric,,,,smt,"Unpolarized capacitor, small symbol",
C2,1,0.12uF,C_0201_0603Metric,,,,smt,"Unpolarized capacitor, small symbol",
C3,1,12uF,C_0201_0603Metric,,,,smt,"Unpolarized capacitor, small symbol",
C4,1,10nF,C_0201_0603Metric,,,,smt,"Unpolarized capacitor, small symbol",
C6,1,2.2uF,C_0201_0603Metric,,,,smt,"Unpolarized capacitor, small symbol",
"C8, C9",2,0.47uF,C_0201_0603Metric,,,,smt,"Unpolarized capacitor, small symbol",
D1,1,LED,LED_0201_0603Metric,,,,smt,Light emitting diode,1=K 2=A
J1,1,Debug Connector,PinHeader_1x05_P2.54mm_Horizontal,,,,tht,"Generic connector, single row, 01x05, script generated",
J2,1,Display / Mounting Socket,PinHeader_1x14_P2.54mm_Vertical,,,,tht,"Generic connector, single row, 01x14, script generated",
J3,1,Display Mounting Socket,PinHeader_1x04_P2.54mm_Vertical,,,,tht,"Generic connector, single row, 01x04, script generated",
L1,1,2.2uH,IND_SPM10040T-2R2M,,,,smt,Inductor,
R1,1,2M,R_0603_1608Metric,,,,smt,Resistor,
R2,1,250k,R_0603_1608Metric,,,,smt,Resistor,
R3,1,220,R_0603_1608Metric,,,,smt,Resistor,
"R4, R5",2,10k,R_0603_1608Metric,,,,smt,Resistor,
U1,1,STM32L433CCTx,LQFP-48_7x7mm_P0.5mm,,,,smt,"STMicroelectronics Arm Cortex-M4 MCU, 256KB flash, 64KB RAM, 80 MHz, 1.71-3.6V, 38 GPIO, LQFP48",
U2,1,W25Q64JV,SOIC-8_5P28X5P28_WIN,,,,smt,,
U3,1,ICM-42688-P,PQFN50P300X250X97-14N,,,,smt,,
U4,1,TPS61201DRC,DRC10_2P4X1P65,,,,smt,,
U5,1,Battery Holder,AA_Battery_Holder,,,,smt,,
"U6, U7",2,Adafruit 377 Rotary Encoder,Untitled,,,,smt,,
